"DEAL","TAG","POSITION_SC_DATE_ADJUSTED","FUND_NAME","STRATEGY","SUB_STRATEGY","ACTIVE_HEDGE","BOOK_NAME","CASH_BALANCE","GL_NAV_FOR_BOOK","GL_NAV","DAILY_PNL","MTD_PNL","YTD_PNL","ITD_PNL"
"N/A","SRT","1/31/2024","Alternative Fund Alpha I Co-Invest Fund LP","Asset-Based Capital Solutions","SRT","Active","Alpha_Active","","319329102.37","319329102.37","68453.72","3704078.72","3704078.72","4229102.37"
"N/A","N/A","1/31/2024","Alternative Fund Alpha I Co-Invest Fund LP","","","","","","","319329102.37","0.00","0.00","0.00","0.00"
"N/A","N/A","1/31/2024","Alternative Fund Alpha II Co-Invest Fund LP","","","","","","","136911524.73","0.00","0.00","0.00","0.00"
"N/A","SRT","1/31/2024","Alternative Fund Alpha II Co-Invest Fund LP","Asset-Based Capital Solutions","SRT","Active","Alpha_Active","","136911524.73","136911524.73","26202.58","1584327.58","1584327.58","1811524.73"
"N/A","N/A","1/31/2024","Alternative Fund Beta Opt-In Co-Invest Fund LP","","","","","","","111630099.97","0.00","0.00","0.00","0.00"
"N/A","Cash","1/31/2024","Alternative Fund Beta Opt-In Co-Invest Fund LP","Operating ","Cash","Missing Active Hedge","Cash","0.00","","111630099.97","0.00","0.00","0.00","0.00"
"N/A","Cash","1/31/2024","Alternative Fund Beta Opt-In Co-Invest Fund LP","Operating ","Cash","Missing Active Hedge","Expenses","-65497.06","-37282.93","111630099.97","-12309.65","-12554.65","-12554.65","-37282.93"
"N/A","Convertible Inv.","1/31/2024","Alternative Fund Beta Opt-In Co-Invest Fund LP","Other","Convertible Investment Agreement","Active","CIA-LCM","114160.00","10114160.00","111630099.97","0.00","0.00","0.00","0.00"
"N/A","Cash","1/31/2024","Alternative Fund Beta Opt-In Co-Invest Fund LP","Operating ","Cash","Missing Active Hedge","Financing","67930.41","67950.90","111630099.97","40.73","635.24","635.24","67950.90"
"N/A","SRT","1/31/2024","Alternative Fund Beta Opt-In Co-Invest Fund LP","Asset-Based Capital Solutions","SRT","Active","Alpha_Active","143126.00","101485272.00","111630099.97","1175524.70","1175524.70","1175524.70","1342146.00"
"ECM","Block","1/31/2024","Alternative Fund Opportunistic Alternative Solutions Holdings II Fund LP","Capital Market Solutions","Unregistered Blocks","Missing Active Hedge","CAVA_Unregistered Block 2","","","90233793.71","0.00","0.00","0.00","0.00"
"ECM","Block","1/31/2024","Alternative Fund Opportunistic Alternative Solutions Holdings II Fund LP","Capital Market Solutions","Registered Block","Missing Active Hedge","SRGY_Registered Block","-2718.27","-2718.27","90233793.71","0.00","3194.59","3194.59","-2718.27"
"ECM","Financing","1/31/2024","Alternative Fund Opportunistic Alternative Solutions Holdings I Fund LP","Capital Market Solutions","Financing","Missing Active Hedge","Financing","-433304.15","5931.32","732012.49","2156.15","2156.15","2156.15","5931.32"
"ECM","IPO","1/31/2024","Alternative Fund Opportunistic Alternative Solutions Holdings I Fund LP","Capital Market Solutions","IPO","Missing Active Hedge","MNR_IPO","-412141.69","-59261.44","732012.49","1380.75","26349.73","26349.73","-59261.44"
"ECM","Follow-On","1/31/2024","Alternative Fund Opportunistic Alternative Solutions Holdings I Fund LP","Capital Market Solutions","Overnight Follow-On","Missing Active Hedge","DKL_Overnight FO","","","732012.49","0.00","0.00","0.00","0.00"
"ECM","Block","1/31/2024","Alternative Fund Opportunistic Alternative Solutions Holdings II Fund LP","Capital Market Solutions","Registered Block","Missing Active Hedge","RVNC_Registered Block","","","90233793.71","0.00","0.00","0.00","0.00"
"ECM","Block","1/31/2024","Alternative Fund Opportunistic Alternative Solutions Holdings II Fund LP","Capital Market Solutions","Desk Block","Missing Active Hedge","VICI_Desk Block","-2105.14","-2105.14","90233793.71","0.00","0.00","0.00","-2105.14"
"ECM","Financing","1/31/2024","Alternative Fund Opportunistic Alternative Solutions Holdings I Fund LP","Capital Market Solutions","Financing","Missing Active Hedge","Capital","1029323.65","1029323.65","732012.49","0.00","0.00","0.00","0.00"
"ECM","Block","1/31/2024","Alternative Fund Opportunistic Alternative Solutions Holdings II Fund LP","Capital Market Solutions","Registered Block","Missing Active Hedge","BROS_Registered Block","","","90233793.71","0.00","0.00","0.00","0.00"
"ECM","Block","1/31/2024","Alternative Fund Opportunistic Alternative Solutions Holdings II Fund LP","Capital Market Solutions","Registered Block","Missing Active Hedge","BECN_Registered Block","2716.13","2716.13","90233793.71","0.00","2716.13","2716.13","2716.13"
"ECM","Block","1/31/2024","Alternative Fund Opportunistic Alternative Solutions Holdings II Fund LP","Capital Market Solutions","Unregistered Blocks","Missing Active Hedge","UTI_Unregistered Block","","","90233793.71","0.00","0.00","0.00","0.00"
"ECM","Financing","1/31/2024","Alternative Fund Opportunistic Alternative Solutions Holdings I Fund LP","Capital Market Solutions","Financing","Missing Active Hedge","ECM","","-516.29","732012.49","0.00","0.00","0.00","-516.29"
"ECM","Financing","1/31/2024","Alternative Fund Opportunistic Alternative Solutions Holdings I Fund LP","Capital Market Solutions","Financing","Missing Active Hedge","Expenses","-181.01","-114.18","732012.49","-114.18","-114.18","-114.18","-114.18"
"ECM","Follow-On","1/31/2024","Alternative Fund Opportunistic Alternative Solutions Holdings II Fund LP","Capital Market Solutions","Overnight Follow-On","Missing Active Hedge","WB_Overnight FO_ Convert","-215722.20","-14169.51","90233793.71","832.89","-29336.31","-29336.31","-14169.51"
"ECM","Follow-On","1/31/2024","Alternative Fund Opportunistic Alternative Solutions Holdings II Fund LP","Capital Market Solutions","Overnight Follow-On","Missing Active Hedge","HRTG_Overnight FO","-97377.28","-14250.55","90233793.71","-1285.32","-2000.91","-2000.91","-14250.55"
"ECM","Block","1/31/2024","Alternative Fund Opportunistic Alternative Solutions Holdings II Fund LP","Capital Market Solutions","Registered Block","Missing Active Hedge","AGYS_Registered Block","","","90233793.71","0.00","0.00","0.00","0.00"
"ECM","Block","1/31/2024","Alternative Fund Opportunistic Alternative Solutions Holdings II Fund LP","Capital Market Solutions","Unregistered Blocks","Missing Active Hedge","ALGM_Unregistered Block","","","90233793.71","0.00","0.00","0.00","0.00"
"ECM","Block","1/31/2024","Alternative Fund Opportunistic Alternative Solutions Holdings II Fund LP","Capital Market Solutions","Registered Block","Missing Active Hedge","BARC_Registered Block","-15236.03","-14997.34","90233793.71","-5.62","-7264.15","-7264.15","-14997.34"
"ECM","Block","1/31/2024","Alternative Fund Opportunistic Alternative Solutions Holdings II Fund LP","Capital Market Solutions","Unregistered Blocks","Missing Active Hedge","OWL_Unregistered Block","","","90233793.71","0.00","0.00","0.00","0.00"
"ECM","Block","1/31/2024","Alternative Fund Opportunistic Alternative Solutions Holdings II Fund LP","Capital Market Solutions","Registered Block","Missing Active Hedge","TPG_Registered Block","","","90233793.71","0.00","0.00","0.00","0.00"
"ECM","Financing","1/31/2024","Alternative Fund Opportunistic Alternative Solutions Holdings II Fund LP","Capital Market Solutions","Financing","Missing Active Hedge","Expenses","-14160.87","-43595.26","90233793.71","-8356.87","-8356.87","-8356.87","-43595.26"
"ECM","Follow-On","1/31/2024","Alternative Fund Opportunistic Alternative Solutions Holdings II Fund LP","Capital Market Solutions","Overnight Follow-On","Missing Active Hedge","SWTX_Overnight FO","9931.76","9931.76","90233793.71","0.00","0.00","0.00","9931.76"
"ECM","IPO","1/31/2024","Alternative Fund Opportunistic Alternative Solutions Holdings II Fund LP","Capital Market Solutions","IPO","Missing Active Hedge","CGON_IPO","36950.55","36950.55","90233793.71","0.00","36950.55","36950.55","36950.55"
"ECM","Follow-On","1/31/2024","Alternative Fund Opportunistic Alternative Solutions Holdings II Fund LP","Capital Market Solutions","Marketed Follow-On","Missing Active Hedge","SEAT_Marketed FO","-308715.74","-30261.14","90233793.71","-5487.38","-28888.51","-28888.51","-30261.14"
"ECM","Follow-On","1/31/2024","Alternative Fund Opportunistic Alternative Solutions Holdings II Fund LP","Capital Market Solutions","Overnight Follow-On","Missing Active Hedge","DRS_Overnight FO","8632.50","8632.50","90233793.71","0.00","0.00","0.00","8632.50"
"ECM","Block","1/31/2024","Alternative Fund Opportunistic Alternative Solutions Holdings II Fund LP","Capital Market Solutions","Registered Block","Missing Active Hedge","CNM_Registered Block 4","-148553.76","657.96","90233793.71","-3323.04","657.96","657.96","657.96"
"ECM","Follow-On","1/31/2024","Alternative Fund Opportunistic Alternative Solutions Holdings II Fund LP","Capital Market Solutions","Overnight Follow-On","Missing Active Hedge","ASTS_Overnight FO","7807.20","7807.20","90233793.71","0.00","7807.20","7807.20","7807.20"
"ECM","Block","1/31/2024","Alternative Fund Opportunistic Alternative Solutions Holdings II Fund LP","Capital Market Solutions","Unregistered Blocks","Missing Active Hedge","NXT_Unregistered Block","","","90233793.71","0.00","0.00","0.00","0.00"
"ECM","Block","1/31/2024","Alternative Fund Opportunistic Alternative Solutions Holdings II Fund LP","Capital Market Solutions","Unregistered Blocks","Missing Active Hedge","DNB_Unregistered Block","3142.30","3142.30","90233793.71","0.00","0.00","0.00","3142.30"
"ECM","Follow-On","1/31/2024","Alternative Fund Opportunistic Alternative Solutions Holdings II Fund LP","Capital Market Solutions","Overnight Follow-On","Missing Active Hedge","SGRO LN_Overnight FO","","","90233793.71","0.00","0.00","0.00","0.00"
"ECM","Follow-On","1/31/2024","Alternative Fund Opportunistic Alternative Solutions Holdings II Fund LP","Capital Market Solutions","Overnight Follow-On","Missing Active Hedge","PRME_Overnight FO","","","90233793.71","0.00","0.00","0.00","0.00"
"ECM","Block","1/31/2024","Alternative Fund Opportunistic Alternative Solutions Holdings II Fund LP","Capital Market Solutions","Registered Block","Missing Active Hedge","GEHC_Registered Block","","","90233793.71","0.00","0.00","0.00","0.00"
"ECM","Follow-On","1/31/2024","Alternative Fund Opportunistic Alternative Solutions Holdings II Fund LP","Capital Market Solutions","Marketed Follow-On","Missing Active Hedge","SPHR_Marketed FO_Convert","-271854.03","108133.80","90233793.71","2862.86","2922.93","2922.93","108133.80"
"ECM","IPO","1/31/2024","Alternative Fund Opportunistic Alternative Solutions Holdings II Fund LP","Capital Market Solutions","IPO","Missing Active Hedge","KSPI_IPO","847.48","847.48","90233793.71","0.00","847.48","847.48","847.48"
"ECM","Block","1/31/2024","Alternative Fund Opportunistic Alternative Solutions Holdings II Fund LP","Capital Market Solutions","Registered Block","Missing Active Hedge","DELL_Registered Block","","","90233793.71","0.00","0.00","0.00","0.00"
"ECM","IPO","1/31/2024","Alternative Fund Opportunistic Alternative Solutions Holdings II Fund LP","Capital Market Solutions","IPO","Missing Active Hedge","AS_IPO","","-8.52","90233793.71","-8.52","-8.52","-8.52","-8.52"
"ECM","Block","1/31/2024","Alternative Fund Opportunistic Alternative Solutions Holdings II Fund LP","Capital Market Solutions","Desk Block","Missing Active Hedge","BRDG_Desk Block","4592.36","4592.36","90233793.71","0.00","0.00","0.00","4592.36"
"ECM","Follow-On","1/31/2024","Alternative Fund Opportunistic Alternative Solutions Holdings II Fund LP","Capital Market Solutions","Marketed Follow-On","Missing Active Hedge","REVG_Marketed FO","","","90233793.71","0.00","0.00","0.00","0.00"
"ECM","Follow-On","1/31/2024","Alternative Fund Opportunistic Alternative Solutions Holdings II Fund LP","Capital Market Solutions","Overnight Follow-On","Missing Active Hedge","SMCI_Overnight FO","10201.11","10201.11","90233793.71","0.00","0.00","0.00","10201.11"
"ECM","Block","1/31/2024","Alternative Fund Opportunistic Alternative Solutions Holdings II Fund LP","Capital Market Solutions","Registered Block","Missing Active Hedge","CWAN_Registered Block 2","17407.97","17407.97","90233793.71","562.35","-5745.98","-5745.98","17407.97"
"ECM","Follow-On","1/31/2024","Alternative Fund Opportunistic Alternative Solutions Holdings II Fund LP","Capital Market Solutions","Marketed Follow-On","Missing Active Hedge","WGO_Marketed FO_Convert","-109284.18","5326.58","90233793.71","-7.95","5326.58","5326.58","5326.58"
"ECM","Block","1/31/2024","Alternative Fund Opportunistic Alternative Solutions Holdings II Fund LP","Capital Market Solutions","Registered Block","Missing Active Hedge","CCCS_Registered Block","649.84","649.84","90233793.71","0.00","649.84","649.84","649.84"
"ECM","Block","1/31/2024","Alternative Fund Opportunistic Alternative Solutions Holdings II Fund LP","Capital Market Solutions","Unregistered Blocks","Missing Active Hedge","OVV_Unregistered Block","-5453.66","-4972.90","90233793.71","10.05","-4972.90","-4972.90","-4972.90"
"ECM","Follow-On","1/31/2024","Alternative Fund Opportunistic Alternative Solutions Holdings II Fund LP","Capital Market Solutions","Overnight Follow-On","Missing Active Hedge","VERV_Overnight FO","8388.27","8388.27","90233793.71","0.00","0.00","0.00","8388.27"
"ECM","Block","1/31/2024","Alternative Fund Opportunistic Alternative Solutions Holdings II Fund LP","Capital Market Solutions","Registered Block","Missing Active Hedge","DOO_Registered Block","-240335.66","-11684.41","90233793.71","-8161.10","-11684.41","-11684.41","-11684.41"
"ECM","Financing","1/31/2024","Alternative Fund Opportunistic Alternative Solutions Holdings II Fund LP","Capital Market Solutions","Financing","Missing Active Hedge","ECM","","-9885.84","90233793.71","0.00","0.00","0.00","-9885.84"
"ECM","Follow-On","1/31/2024","Alternative Fund Opportunistic Alternative Solutions Holdings II Fund LP","Capital Market Solutions","Overnight Follow-On","Missing Active Hedge","CRDO_Overnight FO","506.25","506.25","90233793.71","0.00","0.00","0.00","506.25"
"ECM","Follow-On","1/31/2024","Alternative Fund Opportunistic Alternative Solutions Holdings II Fund LP","Capital Market Solutions","Marketed Follow-On","Missing Active Hedge","SN_Marketed FO","5286.52","5286.52","90233793.71","0.00","0.00","0.00","5286.52"
"ECM","Block","1/31/2024","Alternative Fund Opportunistic Alternative Solutions Holdings II Fund LP","Capital Market Solutions","Registered Block","Missing Active Hedge","FLNC_Registered Block","-67926.13","-8543.42","90233793.71","-504.43","-21747.61","-21747.61","-8543.42"
"ECM","Follow-On","1/31/2024","Alternative Fund Opportunistic Alternative Solutions Holdings II Fund LP","Capital Market Solutions","Marketed Follow-On","Missing Active Hedge","EVH_Marketed FO_Convert","6250.00","6250.00","90233793.71","0.00","0.00","0.00","6250.00"
"ECM","Follow-On","1/31/2024","Alternative Fund Opportunistic Alternative Solutions Holdings II Fund LP","Capital Market Solutions","Overnight Follow-On","Missing Active Hedge","LVS_Overnight FO","-18223.35","64755.98","90233793.71","-922.44","787.56","787.56","64755.98"
"ECM","Follow-On","1/31/2024","Alternative Fund Opportunistic Alternative Solutions Holdings II Fund LP","Capital Market Solutions","Overnight Follow-On","Missing Active Hedge","SRE_Overnight FO","4471.06","4471.06","90233793.71","0.00","0.00","0.00","4471.06"
"ECM","Block","1/31/2024","Alternative Fund Opportunistic Alternative Solutions Holdings II Fund LP","Capital Market Solutions","Registered Block","Missing Active Hedge","BATRK_Registered Block","4693.48","4693.48","90233793.71","0.00","0.00","0.00","4693.48"
"ECM","Block","1/31/2024","Alternative Fund Opportunistic Alternative Solutions Holdings II Fund LP","Capital Market Solutions","Unregistered Blocks","Missing Active Hedge","ALIT_Unregistered Block","1281.95","1281.95","90233793.71","0.00","1281.95","1281.95","1281.95"
"ECM","Block","1/31/2024","Alternative Fund Opportunistic Alternative Solutions Holdings II Fund LP","Capital Market Solutions","Unregistered Blocks","Missing Active Hedge","TRMD_Unregistered Block","-32116.28","-32116.28","90233793.71","0.00","0.00","0.00","-32116.28"
"ECM","Follow-On","1/31/2024","Alternative Fund Opportunistic Alternative Solutions Holdings II Fund LP","Capital Market Solutions","Overnight Follow-On","Missing Active Hedge","MYGN_Overnight FO","-2721.92","-2721.92","90233793.71","0.00","0.00","0.00","-2721.92"
"ECM","Follow-On","1/31/2024","Alternative Fund Opportunistic Alternative Solutions Holdings II Fund LP","Capital Market Solutions","Overnight Follow-On","Missing Active Hedge","CCCS_Overnight FO","12858.87","12858.87","90233793.71","0.00","5974.02","5974.02","12858.87"
"ECM","Follow-On","1/31/2024","Alternative Fund Opportunistic Alternative Solutions Holdings II Fund LP","Capital Market Solutions","Overnight Follow-On","Missing Active Hedge","CPRX_Overnight FO","3261.46","3261.46","90233793.71","0.00","3261.46","3261.46","3261.46"
"ECM","IPO","1/31/2024","Alternative Fund Opportunistic Alternative Solutions Holdings II Fund LP","Capital Market Solutions","IPO","Missing Active Hedge","SDHC_IPO","56047.24","56123.46","90233793.71","0.00","56123.46","56123.46","56123.46"
"ECM","IPO","1/31/2024","Alternative Fund Opportunistic Alternative Solutions Holdings II Fund LP","Capital Market Solutions","IPO","Missing Active Hedge","AIA GA_IPO","","","90233793.71","0.00","0.00","0.00","0.00"
"ECM","Block","1/31/2024","Alternative Fund Opportunistic Alternative Solutions Holdings II Fund LP","Capital Market Solutions","Unregistered Blocks","Missing Active Hedge","ICUI_Unregistered Block","","","90233793.71","0.00","0.00","0.00","0.00"
"ECM","Block","1/31/2024","Alternative Fund Opportunistic Alternative Solutions Holdings II Fund LP","Capital Market Solutions","Registered Block","Missing Active Hedge","FM CN_Registered Block","","","90233793.71","0.00","0.00","0.00","0.00"
"ECM","Block","1/31/2024","Alternative Fund Opportunistic Alternative Solutions Holdings II Fund LP","Capital Market Solutions","Desk Block","Missing Active Hedge","MSGE_Desk Block","-67568.42","-67568.42","90233793.71","0.00","0.00","0.00","-67568.42"
"ECM","Block","1/31/2024","Alternative Fund Opportunistic Alternative Solutions Holdings II Fund LP","Capital Market Solutions","Desk Block","Missing Active Hedge","FIS_Desk Block","-451.14","-451.14","90233793.71","0.00","0.00","0.00","-451.14"
"ECM","Follow-On","1/31/2024","Alternative Fund Opportunistic Alternative Solutions Holdings II Fund LP","Capital Market Solutions","Marketed Follow-On","Missing Active Hedge","LBPH_Marked FO","1163.00","1163.00","90233793.71","0.00","1163.00","1163.00","1163.00"
"ECM","Block","1/31/2024","Alternative Fund Opportunistic Alternative Solutions Holdings II Fund LP","Capital Market Solutions","Registered Block","Missing Active Hedge","CNM_Registered Block 2","924.56","924.56","90233793.71","0.00","0.00","0.00","924.56"
"ECM","Follow-On","1/31/2024","Alternative Fund Opportunistic Alternative Solutions Holdings II Fund LP","Capital Market Solutions","Marketed Follow-On","Missing Active Hedge","VERA_Marketed FO","5970.05","5970.05","90233793.71","0.00","5970.05","5970.05","5970.05"
"ECM","Block","1/31/2024","Alternative Fund Opportunistic Alternative Solutions Holdings II Fund LP","Capital Market Solutions","Registered Block","Missing Active Hedge","IDA_Registered Block","574.62","574.62","90233793.71","0.00","0.00","0.00","574.62"
"ECM","Follow-On","1/31/2024","Alternative Fund Opportunistic Alternative Solutions Holdings II Fund LP","Capital Market Solutions","Overnight Follow-On","Missing Active Hedge","AER_Overnight FO","3516.68","3516.68","90233793.71","0.00","0.00","0.00","3516.68"
"ECM","Follow-On","1/31/2024","Alternative Fund Opportunistic Alternative Solutions Holdings II Fund LP","Capital Market Solutions","Overnight Follow-On","Missing Active Hedge","RWAY_Overnight FO","-692.02","-692.02","90233793.71","0.00","0.00","0.00","-692.02"
"ECM","Follow-On","1/31/2024","Alternative Fund Opportunistic Alternative Solutions Holdings II Fund LP","Capital Market Solutions","Marketed Follow-On","Missing Active Hedge","RIVN_Marketed FO_Debt","-40000.00","-40000.00","90233793.71","0.00","0.00","0.00","-40000.00"
"ECM","IPO","1/31/2024","Alternative Fund Opportunistic Alternative Solutions Holdings II Fund LP","Capital Market Solutions","IPO","Missing Active Hedge","TBBB_IPO","","","90233793.71","0.00","0.00","0.00","0.00"
"ECM","Block","1/31/2024","Alternative Fund Opportunistic Alternative Solutions Holdings II Fund LP","Capital Market Solutions","Registered Block","Missing Active Hedge","IAS_Registered Block","-86573.81","-8631.47","90233793.71","-6401.59","8746.60","8746.60","-8631.47"
"ECM","Tactical Trades","1/31/2024","Alternative Fund Opportunistic Alternative Solutions Holdings II Fund LP","Capital Market Solutions","Tactical Trades","Missing Active Hedge","Portfolio Hedge_Tactical","-2221443.69","-300543.91","90233793.71","44055.12","-3400.25","-3400.25","-300543.91"
"ECM","Block","1/31/2024","Alternative Fund Opportunistic Alternative Solutions Holdings II Fund LP","Capital Market Solutions","Unregistered Blocks","Missing Active Hedge","CAVA_Unregistered Block","2673.53","2673.53","90233793.71","0.00","0.00","0.00","2673.53"
"ECM","Block","1/31/2024","Alternative Fund Opportunistic Alternative Solutions Holdings II Fund LP","Capital Market Solutions","Registered Block","Missing Active Hedge","ASLE_Registered Block","5191.94","5191.94","90233793.71","0.00","0.00","0.00","5191.94"
"ECM","IPO","1/31/2024","Alternative Fund Opportunistic Alternative Solutions Holdings II Fund LP","Capital Market Solutions","IPO","Missing Active Hedge","MGX_IPO","","","90233793.71","0.00","0.00","0.00","0.00"
"ECM","Follow-On","1/31/2024","Alternative Fund Opportunistic Alternative Solutions Holdings II Fund LP","Capital Market Solutions","Overnight Follow-On","Missing Active Hedge","ENOV_Overnight FO_Debt","24150.33","24150.33","90233793.71","0.00","0.00","0.00","24150.33"
"ECM","Follow-On","1/31/2024","Alternative Fund Opportunistic Alternative Solutions Holdings II Fund LP","Capital Market Solutions","Overnight Follow-On","Missing Active Hedge","ARQT_Overnight FO","-7095.76","-7095.76","90233793.71","0.00","0.00","0.00","-7095.76"
"ECM","Block","1/31/2024","Alternative Fund Opportunistic Alternative Solutions Holdings II Fund LP","Capital Market Solutions","Registered Block","Missing Active Hedge","LTMC IM_Registered Block","-74339.73","9550.04","90233793.71","-250.26","9550.04","9550.04","9550.04"
"ECM","Block","1/31/2024","Alternative Fund Opportunistic Alternative Solutions Holdings II Fund LP","Capital Market Solutions","Registered Block","Missing Active Hedge","SNX_Registered Block","-1042263.99","30053.71","90233793.71","5433.00","27117.91","27117.91","30053.71"
"ECM","Block","1/31/2024","Alternative Fund Opportunistic Alternative Solutions Holdings II Fund LP","Capital Market Solutions","Unregistered Blocks","Missing Active Hedge","VERX_Unregistered Block","6752.44","6752.44","90233793.71","0.00","0.00","0.00","6752.44"
"ECM","Follow-On","1/31/2024","Alternative Fund Opportunistic Alternative Solutions Holdings II Fund LP","Capital Market Solutions","Marketed Follow-On","Missing Active Hedge","RARE_Marketed FO","47104.09","47104.09","90233793.71","0.00","0.00","0.00","47104.09"
"ECM","Tactical Trades","1/31/2024","Alternative Fund Opportunistic Alternative Solutions Holdings II Fund LP","Capital Market Solutions","Tactical Trades","Missing Active Hedge","CART_Tactical","-1043697.84","-72143.14","90233793.71","0.00","0.00","0.00","-72143.14"
"ECM","Block","1/31/2024","Alternative Fund Opportunistic Alternative Solutions Holdings II Fund LP","Capital Market Solutions","Registered Block","Missing Active Hedge","PYCR_Registered Block","","","90233793.71","0.00","0.00","0.00","0.00"
"ECM","Block","1/31/2024","Alternative Fund Opportunistic Alternative Solutions Holdings II Fund LP","Capital Market Solutions","Registered Block","Missing Active Hedge","OVV_Registered Block","-7215.47","-7215.47","90233793.71","0.00","0.00","0.00","-7215.47"
"ECM","Follow-On","1/31/2024","Alternative Fund Opportunistic Alternative Solutions Holdings II Fund LP","Capital Market Solutions","Overnight Follow-On","Missing Active Hedge","WVE_Overnight FO","7234.13","7234.13","90233793.71","0.00","1666.41","1666.41","7234.13"
"ECM","Follow-On","1/31/2024","Alternative Fund Opportunistic Alternative Solutions Holdings II Fund LP","Capital Market Solutions","Marketed Follow-On","Missing Active Hedge","KNF_Marketed FO","14629.70","14629.70","90233793.71","0.00","0.00","0.00","14629.70"
"ECM","Follow-On","1/31/2024","Alternative Fund Opportunistic Alternative Solutions Holdings II Fund LP","Capital Market Solutions","Overnight Follow-On","Missing Active Hedge","ABSI_Overnight FO","","","90233793.71","0.00","0.00","0.00","0.00"
"ECM","Follow-On","1/31/2024","Alternative Fund Opportunistic Alternative Solutions Holdings II Fund LP","Capital Market Solutions","Overnight Follow-On","Missing Active Hedge","CLDX_Overnight FO","9381.93","9381.93","90233793.71","0.00","0.00","0.00","9381.93"
"ECM","Block","1/31/2024","Alternative Fund Opportunistic Alternative Solutions Holdings II Fund LP","Capital Market Solutions","Unregistered Blocks","Missing Active Hedge","ALIT_Unregistered Block 3","7669.68","7669.68","90233793.71","0.00","7669.68","7669.68","7669.68"
"ECM","Block","1/31/2024","Alternative Fund Opportunistic Alternative Solutions Holdings II Fund LP","Capital Market Solutions","Registered Block","Missing Active Hedge","CCCS_Registered Block 2","","","90233793.71","0.00","0.00","0.00","0.00"
"ECM","Financing","1/31/2024","Alternative Fund Opportunistic Alternative Solutions Holdings II Fund LP","Capital Market Solutions","Financing","Missing Active Hedge","Capital","41371976.35","41371976.35","90233793.71","0.00","0.00","0.00","0.00"
"ECM","Follow-On","1/31/2024","Alternative Fund Opportunistic Alternative Solutions Holdings II Fund LP","Capital Market Solutions","Marketed Follow-On","Missing Active Hedge","RKLB_Marketed FO_Convert","","","90233793.71","0.00","0.00","0.00","0.00"
"ECM","IPO","1/31/2024","Alternative Fund Opportunistic Alternative Solutions Holdings II Fund LP","Capital Market Solutions","IPO","Missing Active Hedge","GUTS_IPO","","","90233793.71","0.00","0.00","0.00","0.00"
"ECM","IPO","1/31/2024","Alternative Fund Opportunistic Alternative Solutions Holdings II Fund LP","Capital Market Solutions","IPO","Missing Active Hedge","ARM_IPO","1444859.08","1444859.08","90233793.71","0.00","0.00","0.00","1444859.08"
"ECM","Tactical Trades","1/31/2024","Alternative Fund Opportunistic Alternative Solutions Holdings II Fund LP","Capital Market Solutions","Tactical Trades","Missing Active Hedge","ARM_Tactical","37701.34","37701.34","90233793.71","0.00","0.00","0.00","37701.34"
"ECM","Block","1/31/2024","Alternative Fund Opportunistic Alternative Solutions Holdings II Fund LP","Capital Market Solutions","Registered Block","Missing Active Hedge","KDP_Registered Block","","","90233793.71","0.00","0.00","0.00","0.00"
"ECM","IPO","1/31/2024","Alternative Fund Opportunistic Alternative Solutions Holdings II Fund LP","Capital Market Solutions","IPO","Missing Active Hedge","CART_IPO","109082.22","109082.22","90233793.71","0.00","0.00","0.00","109082.22"
"ECM","Block","1/31/2024","Alternative Fund Opportunistic Alternative Solutions Holdings II Fund LP","Capital Market Solutions","Unregistered Blocks","Missing Active Hedge","WBD_Unregistered Block","-492.75","-492.75","90233793.71","0.00","0.00","0.00","-492.75"
"ECM","Block","1/31/2024","Alternative Fund Opportunistic Alternative Solutions Holdings II Fund LP","Capital Market Solutions","Registered Block","Missing Active Hedge","CRBG_Registered Block","10509.50","10509.50","90233793.71","0.00","0.00","0.00","10509.50"
"ECM","Follow-On","1/31/2024","Alternative Fund Opportunistic Alternative Solutions Holdings II Fund LP","Capital Market Solutions","Marketed Follow-On","Missing Active Hedge","GPN_Marketed FO_Convert","","","90233793.71","0.00","0.00","0.00","0.00"
"ECM","Follow-On","1/31/2024","Alternative Fund Opportunistic Alternative Solutions Holdings II Fund LP","Capital Market Solutions","Overnight Follow-On","Missing Active Hedge","TALO_Overnight FO","5587.03","5587.03","90233793.71","0.00","5587.03","5587.03","5587.03"
"ECM","Block","1/31/2024","Alternative Fund Opportunistic Alternative Solutions Holdings II Fund LP","Capital Market Solutions","Unregistered Blocks","Missing Active Hedge","ARES_Unregistered Block","","","90233793.71","0.00","0.00","0.00","0.00"
"ECM","Follow-On","1/31/2024","Alternative Fund Opportunistic Alternative Solutions Holdings II Fund LP","Capital Market Solutions","Marketed Follow-On","Missing Active Hedge","UBER_Marketed FO_Convert","-349251.79","38060.58","90233793.71","1237.74","-7991.55","-7991.55","38060.58"
"ECM","Follow-On","1/31/2024","Alternative Fund Opportunistic Alternative Solutions Holdings II Fund LP","Capital Market Solutions","Overnight Follow-On","Missing Active Hedge","VRDN_Overnight FO","-1731.47","-1731.47","90233793.71","0.00","-1731.47","-1731.47","-1731.47"
"ECM","Follow-On","1/31/2024","Alternative Fund Opportunistic Alternative Solutions Holdings II Fund LP","Capital Market Solutions","Marketed Follow-On","Missing Active Hedge","INTR_Marketed FO","982.64","982.64","90233793.71","0.00","982.64","982.64","982.64"
"ECM","Follow-On","1/31/2024","Alternative Fund Opportunistic Alternative Solutions Holdings II Fund LP","Capital Market Solutions","Marketed Follow-On","Missing Active Hedge","PRGS_Marketed FO_Convert","","","90233793.71","0.00","0.00","0.00","0.00"
"ECM","Follow-On","1/31/2024","Alternative Fund Opportunistic Alternative Solutions Holdings II Fund LP","Capital Market Solutions","Overnight Follow-On","Missing Active Hedge","IMTX_Overnight FO","-55909.09","1538.43","90233793.71","809.12","1538.43","1538.43","1538.43"
"ECM","Block","1/31/2024","Alternative Fund Opportunistic Alternative Solutions Holdings II Fund LP","Capital Market Solutions","Registered Block","Missing Active Hedge","CNM_Registered Block","1527.63","1527.63","90233793.71","0.00","0.00","0.00","1527.63"
"ECM","Follow-On","1/31/2024","Alternative Fund Opportunistic Alternative Solutions Holdings II Fund LP","Capital Market Solutions","Marketed Follow-On","Missing Active Hedge","NEE_Marketed FO_Convert","","","90233793.71","0.00","0.00","0.00","0.00"
"ECM","Block","1/31/2024","Alternative Fund Opportunistic Alternative Solutions Holdings II Fund LP","Capital Market Solutions","Registered Block","Missing Active Hedge","GENI_Registered Block","58453.02","58453.02","90233793.71","0.00","0.00","0.00","58453.02"
"ECM","Follow-On","1/31/2024","Alternative Fund Opportunistic Alternative Solutions Holdings II Fund LP","Capital Market Solutions","Marketed Follow-On","Missing Active Hedge","FIVN_Marketed FO_Convert","","","90233793.71","0.00","0.00","0.00","0.00"
"ECM","Follow-On","1/31/2024","Alternative Fund Opportunistic Alternative Solutions Holdings II Fund LP","Capital Market Solutions","Overnight Follow-On","Missing Active Hedge","NTST_Overnight FO","1145.58","1145.58","90233793.71","0.00","1145.58","1145.58","1145.58"
"ECM","Block","1/31/2024","Alternative Fund Opportunistic Alternative Solutions Holdings II Fund LP","Capital Market Solutions","Unregistered Blocks","Missing Active Hedge","NMRA_Unregistered Block","","","90233793.71","0.00","0.00","0.00","0.00"
"ECM","Block","1/31/2024","Alternative Fund Opportunistic Alternative Solutions Holdings II Fund LP","Capital Market Solutions","Desk Block","Missing Active Hedge","SIX_Desk Block","-1993.94","-1993.94","90233793.71","0.00","0.00","0.00","-1993.94"
"ECM","Follow-On","1/31/2024","Alternative Fund Opportunistic Alternative Solutions Holdings II Fund LP","Capital Market Solutions","Marketed Follow-On","Missing Active Hedge","VKTX_Marketed FO","","","90233793.71","0.00","0.00","0.00","0.00"
"ECM","Follow-On","1/31/2024","Alternative Fund Opportunistic Alternative Solutions Holdings II Fund LP","Capital Market Solutions","Overnight Follow-On","Missing Active Hedge","AURA_Overnight FO","5375.76","5375.76","90233793.71","0.00","0.00","0.00","5375.76"
"ECM","Follow-On","1/31/2024","Alternative Fund Opportunistic Alternative Solutions Holdings II Fund LP","Capital Market Solutions","Overnight Follow-On","Missing Active Hedge","KNTK_Overnight FO","855.74","855.74","90233793.71","0.00","0.00","0.00","855.74"
"ECM","Block","1/31/2024","Alternative Fund Opportunistic Alternative Solutions Holdings II Fund LP","Capital Market Solutions","Desk Block","Missing Active Hedge","CINF_Desk Block","9838.46","9838.45","90233793.71","0.00","0.00","0.00","9838.45"
"ECM","Block","1/31/2024","Alternative Fund Opportunistic Alternative Solutions Holdings II Fund LP","Capital Market Solutions","Registered Block","Missing Active Hedge","GFL_Registered Block","","","90233793.71","0.00","0.00","0.00","0.00"
"ECM","Block","1/31/2024","Alternative Fund Opportunistic Alternative Solutions Holdings II Fund LP","Capital Market Solutions","Unregistered Blocks","Missing Active Hedge","BROS_Unregistered Block","802.90","802.90","90233793.71","0.00","0.00","0.00","802.90"
"ECM","Block","1/31/2024","Alternative Fund Opportunistic Alternative Solutions Holdings II Fund LP","Capital Market Solutions","Registered Block","Missing Active Hedge","REVG_Registered Block","","","90233793.71","0.00","0.00","0.00","0.00"
"ECM","Follow-On","1/31/2024","Alternative Fund Opportunistic Alternative Solutions Holdings II Fund LP","Capital Market Solutions","Overnight Follow-On","Missing Active Hedge","ATEC_Overnight FO","-26267.71","-26267.71","90233793.71","0.00","0.00","0.00","-26267.71"
"ECM","Follow-On","1/31/2024","Alternative Fund Opportunistic Alternative Solutions Holdings II Fund LP","Capital Market Solutions","Overnight Follow-On","Missing Active Hedge","IDYA_Overnight FO","7218.24","7218.24","90233793.71","0.00","0.00","0.00","7218.24"
"ECM","IPO","1/31/2024","Alternative Fund Opportunistic Alternative Solutions Holdings II Fund LP","Capital Market Solutions","IPO","Missing Active Hedge","KYTX_IPO","","","90233793.71","0.00","0.00","0.00","0.00"
"ECM","Block","1/31/2024","Alternative Fund Opportunistic Alternative Solutions Holdings II Fund LP","Capital Market Solutions","Unregistered Blocks","Missing Active Hedge","ALIT_Unregistered Block 2","1053.72","1053.72","90233793.71","0.00","1053.72","1053.72","1053.72"
"ECM","Follow-On","1/31/2024","Alternative Fund Opportunistic Alternative Solutions Holdings II Fund LP","Capital Market Solutions","Overnight Follow-On","Missing Active Hedge","SANA_Overnight FO","","","90233793.71","0.00","0.00","0.00","0.00"
"ECM","Block","1/31/2024","Alternative Fund Opportunistic Alternative Solutions Holdings II Fund LP","Capital Market Solutions","Unregistered Blocks","Missing Active Hedge","TKO_Unregistered Block","","","90233793.71","0.00","0.00","0.00","0.00"
"ECM","Block","1/31/2024","Alternative Fund Opportunistic Alternative Solutions Holdings II Fund LP","Capital Market Solutions","Registered Block","Missing Active Hedge","CNM_Registered Block 3","4578.32","4578.32","90233793.71","0.00","4578.32","4578.32","4578.32"
"ECM","Follow-On","1/31/2024","Alternative Fund Opportunistic Alternative Solutions Holdings II Fund LP","Capital Market Solutions","Marketed Follow-On","Missing Active Hedge","VTLE_Marketed FO","5632.61","5632.61","90233793.71","0.00","0.00","0.00","5632.61"
"ECM","Block","1/31/2024","Alternative Fund Opportunistic Alternative Solutions Holdings II Fund LP","Capital Market Solutions","Registered Block","Missing Active Hedge","GTES_Registered Block","3931.94","3931.94","90233793.71","0.00","0.00","0.00","3931.94"
"ECM","Follow-On","1/31/2024","Alternative Fund Opportunistic Alternative Solutions Holdings II Fund LP","Capital Market Solutions","Marketed Follow-On","Missing Active Hedge","WRLD_Marketed FO_Debt","5000.00","5000.00","90233793.71","0.00","0.00","0.00","5000.00"
"ECM","Block","1/31/2024","Alternative Fund Opportunistic Alternative Solutions Holdings II Fund LP","Capital Market Solutions","Desk Block","Missing Active Hedge","PAYX_Desk Block","-4336.36","-4336.36","90233793.71","0.00","-4336.36","-4336.36","-4336.36"
"ECM","Follow-On","1/31/2024","Alternative Fund Opportunistic Alternative Solutions Holdings II Fund LP","Capital Market Solutions","Marketed Follow-On","Missing Active Hedge","SKWD_Marketed FO","9559.52","9559.52","90233793.71","0.00","0.00","0.00","9559.52"
"ECM","Follow-On","1/31/2024","Alternative Fund Opportunistic Alternative Solutions Holdings II Fund LP","Capital Market Solutions","Overnight Follow-On","Missing Active Hedge","ADT_Overnight FO","","","90233793.71","0.00","0.00","0.00","0.00"
"ECM","Follow-On","1/31/2024","Alternative Fund Opportunistic Alternative Solutions Holdings II Fund LP","Capital Market Solutions","Overnight Follow-On","Missing Active Hedge","RGNX_Overnight FO","","","90233793.71","0.00","0.00","0.00","0.00"
"ECM","Follow-On","1/31/2024","Alternative Fund Opportunistic Alternative Solutions Holdings II Fund LP","Capital Market Solutions","Overnight Follow-On","Missing Active Hedge","CRGY_Overnight FO","","","90233793.71","0.00","0.00","0.00","0.00"
"ECM","Block","1/31/2024","Alternative Fund Opportunistic Alternative Solutions Holdings II Fund LP","Capital Market Solutions","Registered Block","Missing Active Hedge","AUTO NO_Registered Block","","","90233793.71","0.00","0.00","0.00","0.00"
"ECM","Block","1/31/2024","Alternative Fund Opportunistic Alternative Solutions Holdings II Fund LP","Capital Market Solutions","Registered Block","Missing Active Hedge","TKO_Registered Block","-21009.83","-21009.83","90233793.71","0.00","0.00","0.00","-21009.83"
"ECM","Follow-On","1/31/2024","Alternative Fund Opportunistic Alternative Solutions Holdings II Fund LP","Capital Market Solutions","Marketed Follow-On","Missing Active Hedge","EVRG_Marketed FO_Convert","-536003.48","22441.87","90233793.71","4074.66","-2504.83","-2504.83","22441.87"
"ECM","IPO","1/31/2024","Alternative Fund Opportunistic Alternative Solutions Holdings II Fund LP","Capital Market Solutions","IPO","Missing Active Hedge","RYZB_IPO","9806.50","9806.50","90233793.71","0.00","0.00","0.00","9806.50"
"ECM","Block","1/31/2024","Alternative Fund Opportunistic Alternative Solutions Holdings II Fund LP","Capital Market Solutions","Desk Block","Missing Active Hedge","DOX_Desk Block","4459.16","4459.16","90233793.71","0.00","0.00","0.00","4459.16"
"ECM","Follow-On","1/31/2024","Alternative Fund Opportunistic Alternative Solutions Holdings II Fund LP","Capital Market Solutions","Marketed Follow-On","Missing Active Hedge","NIO_Marketed FO_Debt","8125.00","8125.00","90233793.71","0.00","0.00","0.00","8125.00"
"ECM","Follow-On","1/31/2024","Alternative Fund Opportunistic Alternative Solutions Holdings II Fund LP","Capital Market Solutions","Overnight Follow-On","Missing Active Hedge","TARS_Overnight FO","","","90233793.71","0.00","0.00","0.00","0.00"
"ECM","IPO","1/31/2024","Alternative Fund Opportunistic Alternative Solutions Holdings II Fund LP","Capital Market Solutions","IPO","Missing Active Hedge","NMRA_IPO","-530.14","-530.14","90233793.71","0.00","0.00","0.00","-530.14"
"ECM","Follow-On","1/31/2024","Alternative Fund Opportunistic Alternative Solutions Holdings II Fund LP","Capital Market Solutions","Overnight Follow-On","Missing Active Hedge","PR_Overnight FO","397.90","397.90","90233793.71","0.00","0.00","0.00","397.90"
"ECM","Tactical Trades","1/31/2024","Alternative Fund Opportunistic Alternative Solutions Holdings II Fund LP","Capital Market Solutions","Tactical Trades","Missing Active Hedge","ROL_Tactical","-568.92","-568.92","90233793.71","0.00","0.00","0.00","-568.92"
"ECM","Block","1/31/2024","Alternative Fund Opportunistic Alternative Solutions Holdings II Fund LP","Capital Market Solutions","Registered Block","Missing Active Hedge","PR_Registered Block 2","5212.16","5311.17","90233793.71","0.00","-2723.61","-2723.61","5311.17"
"ECM","Financing","1/31/2024","Alternative Fund Opportunistic Alternative Solutions Holdings II Fund LP","Capital Market Solutions","Financing","Missing Active Hedge","Financing","-22378328.56","621057.39","90233793.71","98782.86","98641.10","98641.10","621057.39"
"ECM","Block","1/31/2024","Alternative Fund Opportunistic Alternative Solutions Holdings II Fund LP","Capital Market Solutions","Desk Block","Missing Active Hedge","NN_Desk Block","2280.01","2280.01","90233793.71","0.00","0.00","0.00","2280.01"
"ECM","IPO","1/31/2024","Alternative Fund Opportunistic Alternative Solutions Holdings II Fund LP","Capital Market Solutions","IPO","Missing Active Hedge","KVYO_IPO","47037.94","47037.94","90233793.71","0.00","0.00","0.00","47037.94"
"ECM","Follow-On","1/31/2024","Alternative Fund Opportunistic Alternative Solutions Holdings II Fund LP","Capital Market Solutions","Marketed Follow-On","Missing Active Hedge","APG_Marketed FO","","","90233793.71","0.00","0.00","0.00","0.00"
"ECM","Follow-On","1/31/2024","Alternative Fund Opportunistic Alternative Solutions Holdings II Fund LP","Capital Market Solutions","Marketed Follow-On","Missing Active Hedge","MSGE_Marketed FO","77414.33","77414.33","90233793.71","0.00","0.00","0.00","77414.33"
"ECM","IPO","1/31/2024","Alternative Fund Opportunistic Alternative Solutions Holdings II Fund LP","Capital Market Solutions","IPO","Missing Active Hedge","BIRK_IPO","-41220.82","-41220.82","90233793.71","0.00","0.00","0.00","-41220.82"
"ECM","Follow-On","1/31/2024","Alternative Fund Opportunistic Alternative Solutions Holdings II Fund LP","Capital Market Solutions","Marketed Follow-On","Missing Active Hedge","LIVN_Marketed FO_Convert","","","90233793.71","0.00","0.00","0.00","0.00"
"ECM","Follow-On","1/31/2024","Alternative Fund Opportunistic Alternative Solutions Holdings II Fund LP","Capital Market Solutions","Marketed Follow-On","Missing Active Hedge","TNDM_Marketed FO_Convert","","","90233793.71","0.00","0.00","0.00","0.00"
"ECM","Follow-On","1/31/2024","Alternative Fund Opportunistic Alternative Solutions Holdings II Fund LP","Capital Market Solutions","Marketed Follow-On","Missing Active Hedge","SOFI_Marketed FO_Convert","","","90233793.71","0.00","0.00","0.00","0.00"
"ECM","Follow-On","1/31/2024","Alternative Fund Opportunistic Alternative Solutions Holdings II Fund LP","Capital Market Solutions","Marketed Follow-On","Missing Active Hedge","SMCI_Marketed FO_Convert","","","90233793.71","0.00","0.00","0.00","0.00"
"ECM","Follow-On","1/31/2024","Alternative Fund Opportunistic Alternative Solutions Holdings II Fund LP","Capital Market Solutions","Marketed Follow-On","Missing Active Hedge","RUN_Marketed FO_Convert","","","90233793.71","0.00","0.00","0.00","0.00"
"ECM","Block","1/31/2024","Alternative Fund Opportunistic Alternative Solutions Holdings II Fund LP","Capital Market Solutions","Unregistered Blocks","Missing Active Hedge","LBPH_Unregistered Block 2","-167445.87","-14029.35","90233793.71","-9931.09","-14029.35","-14029.35","-14029.35"
"ECM","Follow-On","1/31/2024","Alternative Fund Opportunistic Alternative Solutions Holdings II Fund LP","Capital Market Solutions","Overnight Follow-On","Missing Active Hedge","NAMS_Overnight FO","","","90233793.71","0.00","0.00","0.00","0.00"
"ECM","Block","1/31/2024","Alternative Fund Opportunistic Alternative Solutions Holdings II Fund LP","Capital Market Solutions","Registered Block","Missing Active Hedge","AKR_Registered Block","1635.37","1635.37","90233793.71","0.00","1635.37","1635.37","1635.37"
"ECM","Block","1/31/2024","Alternative Fund Opportunistic Alternative Solutions Holdings II Fund LP","Capital Market Solutions","Desk Block","Missing Active Hedge","VVV_Desk Block","3110.08","3110.08","90233793.71","0.00","0.00","0.00","3110.08"
"ECM","Follow-On","1/31/2024","Alternative Fund Opportunistic Alternative Solutions Holdings II Fund LP","Capital Market Solutions","Marketed Follow-On","Missing Active Hedge","OPRA_Marketed FO","-57207.98","-57207.98","90233793.71","0.00","0.00","0.00","-57207.98"
"ECM","Follow-On","1/31/2024","Alternative Fund Opportunistic Alternative Solutions Holdings II Fund LP","Capital Market Solutions","Marketed Follow-On","Missing Active Hedge","ICHR_Marketed FO","","","90233793.71","0.00","0.00","0.00","0.00"
"ECM","Block","1/31/2024","Alternative Fund Opportunistic Alternative Solutions Holdings II Fund LP","Capital Market Solutions","Desk Block","Missing Active Hedge","EMN_Desk Block","632.34","632.34","90233793.71","0.00","632.34","632.34","632.34"
"ECM","Follow-On","1/31/2024","Alternative Fund Opportunistic Alternative Solutions Holdings II Fund LP","Capital Market Solutions","Overnight Follow-On","Missing Active Hedge","PNW_Overnight FO","","","90233793.71","0.00","0.00","0.00","0.00"
"ECM","Block","1/31/2024","Alternative Fund Opportunistic Alternative Solutions Holdings II Fund LP","Capital Market Solutions","Registered Block","Missing Active Hedge","GTES_Registered Block 2","","","90233793.71","0.00","0.00","0.00","0.00"
"ECM","Block","1/31/2024","Alternative Fund Opportunistic Alternative Solutions Holdings II Fund LP","Capital Market Solutions","Registered Block","Missing Active Hedge","HESM_Registered Block","","","90233793.71","0.00","0.00","0.00","0.00"
"ECM","Block","1/31/2024","Alternative Fund Opportunistic Alternative Solutions Holdings II Fund LP","Capital Market Solutions","Unregistered Blocks","Missing Active Hedge","COR_Unregistered Block","","","90233793.71","0.00","0.00","0.00","0.00"
"ECM","Block","1/31/2024","Alternative Fund Opportunistic Alternative Solutions Holdings II Fund LP","Capital Market Solutions","Unregistered Blocks","Missing Active Hedge","IHS_Unregistered Block","2983.42","2983.42","90233793.71","0.00","0.00","0.00","2983.42"
"ECM","Follow-On","1/31/2024","Alternative Fund Opportunistic Alternative Solutions Holdings II Fund LP","Capital Market Solutions","Marketed Follow-On","Missing Active Hedge","MP_Marketed FO_Convert","","","90233793.71","0.00","0.00","0.00","0.00"
"ECM","Follow-On","1/31/2024","Alternative Fund Opportunistic Alternative Solutions Holdings II Fund LP","Capital Market Solutions","Marketed Follow-On","Missing Active Hedge","BLUE_Marketed FO","-7398.77","-7398.77","90233793.71","0.00","1046.57","1046.57","-7398.77"
"N/A","N/A","1/31/2024","Alternative Fund Opportunistic Alternative Solutions Holdings I Fund LP","","","","","","","732012.49","0.00","0.00","0.00","0.00"
"N/A","Cash","1/31/2024","Alternative Fund Opportunistic Alternative Solutions Holdings I Fund LP","Capital Market Solutions","Cash","Missing Active Hedge","Cash","","","732012.49","0.00","0.00","0.00","0.00"
"ECM","Follow-On","1/31/2024","Alternative Fund Opportunistic Alternative Solutions Holdings II Fund LP","Capital Market Solutions","Marketed Follow-On","Missing Active Hedge","FDMT_Marketed FO","","","90233793.71","0.00","0.00","0.00","0.00"
"ECM","IPO","1/31/2024","Alternative Fund Opportunistic Alternative Solutions Holdings II Fund LP","Capital Market Solutions","IPO","Missing Active Hedge","AHR_IPO","","","90233793.71","0.00","0.00","0.00","0.00"
"N/A","Cash","1/31/2024","Alternative Fund Opportunistic Alternative Solutions Holdings I Fund LP","Operating ","Cash","Missing Active Hedge","Financing","","","732012.49","0.00","0.00","0.00","0.00"
"N/A","Cash","1/31/2024","Alternative Fund Opportunistic Alternative Solutions Holdings II Fund LP","Operating ","Cash","Missing Active Hedge","Expenses","-2124383.41","-1630749.69","90233793.71","-378860.13","-382995.13","-382995.13","-1630749.69"
"N/A","Cash","1/31/2024","Alternative Fund Opportunistic Alternative Solutions Holdings I Fund LP","Operating ","Cash","Missing Active Hedge","Expenses","-68820.80","-211541.25","732012.49","-59457.63","-59457.63","-59457.63","-211541.25"
"ECM","Follow-On","1/31/2024","Alternative Fund Opportunistic Alternative Solutions Holdings II Fund LP","Capital Market Solutions","Overnight Follow-On","Missing Active Hedge","BUD_Overnight FO","","","90233793.71","0.00","0.00","0.00","0.00"
"ECM","Follow-On","1/31/2024","Alternative Fund Opportunistic Alternative Solutions Holdings II Fund LP","Capital Market Solutions","Overnight Follow-On","Missing Active Hedge","MLNK_Overnight FO","","","90233793.71","0.00","0.00","0.00","0.00"
"ECM","Follow-On","1/31/2024","Alternative Fund Opportunistic Alternative Solutions Holdings II Fund LP","Capital Market Solutions","Overnight Follow-On","Missing Active Hedge","KNTK_Overnight FO 2","","","90233793.71","0.00","0.00","0.00","0.00"
"ECM","IPO","1/31/2024","Alternative Fund Opportunistic Alternative Solutions Holdings II Fund LP","Capital Market Solutions","IPO","Missing Active Hedge","R3NK GY_IPO","","","90233793.71","0.00","0.00","0.00","0.00"
"ECM","Follow-On","1/31/2024","Alternative Fund Opportunistic Alternative Solutions Holdings II Fund LP","Capital Market Solutions","Marketed Follow-On","Missing Active Hedge","WDC_ Marketed FO_Convert","8717.48","8717.48","90233793.71","0.00","0.00","0.00","8717.48"
"ECM","Follow-On","1/31/2024","Alternative Fund Opportunistic Alternative Solutions Holdings II Fund LP","Capital Market Solutions","Marketed Follow-On","Missing Active Hedge","NKLA_Marketed FO_Convert","-41370.70","-41370.70","90233793.71","0.00","0.00","0.00","-41370.70"
"ECM","Follow-On","1/31/2024","Alternative Fund Opportunistic Alternative Solutions Holdings II Fund LP","Capital Market Solutions","Marketed Follow-On","Missing Active Hedge","VTMX_Marketed FO","4385.71","4385.71","90233793.71","0.00","0.00","0.00","4385.71"
"N/A","Cash","1/31/2024","Alternative Fund Opportunistic Alternative Solutions Holdings I Fund LP","Operating ","Cash","Missing Active Hedge","Capital","","2641.96","732012.49","0.00","0.00","0.00","0.00"
"ECM","Follow-On","1/31/2024","Alternative Fund Opportunistic Alternative Solutions Holdings II Fund LP","Capital Market Solutions","Overnight Follow-On","Missing Active Hedge","GEHC_Overnight FO","","","90233793.71","0.00","0.00","0.00","0.00"
"ECM","Follow-On","1/31/2024","Alternative Fund Opportunistic Alternative Solutions Holdings II Fund LP","Capital Market Solutions","Marketed Follow-On","Missing Active Hedge","IRTC_Marketed FO_Convert","","","90233793.71","0.00","0.00","0.00","0.00"
"ECM","Follow-On","1/31/2024","Alternative Fund Opportunistic Alternative Solutions Holdings II Fund LP","Capital Market Solutions","Marketed Follow-On","Missing Active Hedge","NUVL_Marketed FO","-25775.74","-25775.74","90233793.71","0.00","0.00","0.00","-25775.74"
"N/A","Cash","1/31/2024","Alternative Fund Opportunistic Alternative Solutions Holdings I Fund LP","Operating ","Cash","Missing Active Hedge","Cash","0.00","","732012.49","0.00","0.00","0.00","0.00"
"N/A","Cash","1/31/2024","Alternative Fund Opportunistic Alternative Solutions Holdings II Fund LP","Operating ","Cash","Missing Active Hedge","Capital","-32131071.00","-32240673.32","90233793.71","0.00","0.00","0.00","0.00"
"ECM","Follow-On","1/31/2024","Alternative Fund Opportunistic Alternative Solutions Holdings II Fund LP","Capital Market Solutions","Marketed Follow-On","Missing Active Hedge","PCG_Marketed FO_Convert","-802020.99","23490.43","90233793.71","1707.33","-27419.87","-27419.87","23490.43"
"ECM","IPO","1/31/2024","Alternative Fund Opportunistic Alternative Solutions Holdings II Fund LP","Capital Market Solutions","IPO","Missing Active Hedge","AVBP_IPO","22759.58","22759.58","90233793.71","0.00","22759.58","22759.58","22759.58"
"ECM","IPO","1/31/2024","Alternative Fund Opportunistic Alternative Solutions Holdings II Fund LP","Capital Market Solutions","IPO","Missing Active Hedge","BTSG_IPO","-312408.16","-62556.64","90233793.71","-4768.69","-62556.64","-62556.64","-62556.64"
"N/A","SRT","1/31/2024","Alternative Fund Opportunistic Alternative Solutions Holdings II Fund LP","Asset-Based Capital Solutions","SRT","Active","Alpha_Active","","80570068.59","90233793.71","931643.34","931643.34","931643.34","1065386.59"
"N/A","Cash","1/31/2024","Alternative Fund Opportunistic Alternative Solutions Holdings II Fund LP","Operating ","Cash","Missing Active Hedge","Cash","11500000.00","12000000.00","90233793.71","0.00","0.00","0.00","0.00"
"ECM","Follow-On","1/31/2024","Alternative Fund Opportunistic Alternative Solutions Holdings II Fund LP","Capital Market Solutions","Marketed Follow-On","Missing Active Hedge","EYPT_Marketed FO","32383.23","32383.23","90233793.71","0.00","4820.07","4820.07","32383.23"
"N/A","Cash","1/31/2024","Alternative Fund Opportunistic Alternative Solutions Holdings II Fund LP","Operating ","Cash","Missing Active Hedge","Financing","-114888.50","28098.21","90233793.71","163.94","425.66","425.66","28098.21"
"ECM","Follow-On","1/31/2024","Alternative Fund Opportunistic Alternative Solutions Holdings II Fund LP","Capital Market Solutions","Overnight Follow-On","Missing Active Hedge","SYM_Overnight FO","","","90233793.71","0.00","0.00","0.00","0.00"
"N/A","Cash","1/31/2024","Alternative Fund Opportunistic Alternative Solutions Holdings II Fund LP","Capital Market Solutions","Cash","Missing Active Hedge","Cash","-12000000.00","-12000000.00","90233793.71","0.00","0.00","0.00","0.00"
"N/A","Subline","1/31/2024","Alternative Fund Opportunistic Alternative Solutions Holdings II Fund LP","Operating ","Subline","Missing Active Hedge","Funded","25300000.00","-203085.07","90233793.71","-8583.88","-170152.26","-170152.26","-203085.07"
"N/A","Subline","1/31/2024","Alternative Fund Opportunistic Alternative Solutions Holdings I Fund LP","Operating ","Subline","Missing Active Hedge","Unfunded","","-34451.28","732012.49","-796.22","-24682.67","-24682.67","-34451.28"
"N/A","N/A","1/31/2024","Alternative Fund Opportunistic Alternative Solutions Holdings II Fund LP","","","","","","","90233793.71","0.00","0.00","0.00","0.00"
"ECM","Follow-On","1/31/2024","Alternative Fund Opportunistic Alternative Solutions Holdings II Fund LP","Capital Market Solutions","Marketed Follow-On","Missing Active Hedge","BBIO_Marketed FO","","","90233793.71","0.00","0.00","0.00","0.00"
"N/A","Subline","1/31/2024","Alternative Fund Opportunistic Alternative Solutions Holdings II Fund LP","Operating ","Subline","Missing Active Hedge","Unfunded","","-34451.28","90233793.71","-796.22","-24682.67","-24682.67","-34451.28"
"ECM","Follow-On","1/31/2024","Alternative Fund Opportunistic Alternative Solutions Holdings II Fund LP","Capital Market Solutions","Marketed Follow-On","Missing Active Hedge","SPR_ Marketed FO_Convert","-244121.47","145627.06","90233793.71","6198.04","22892.31","22892.31","145627.06"
"ECM","Follow-On","1/31/2024","Alternative Fund Opportunistic Alternative Solutions Holdings II Fund LP","Capital Market Solutions","Overnight Follow-On","Missing Active Hedge","ALXO_Overnight FO","726.36","726.36","90233793.71","0.00","0.00","0.00","726.36"
"ECM","Follow-On","1/31/2024","Alternative Fund Opportunistic Alternative Solutions Holdings II Fund LP","Capital Market Solutions","Marketed Follow-On","Missing Active Hedge","CPK_Marketed FO","5980.98","5980.98","90233793.71","0.00","0.00","0.00","5980.98"
"N/A","Cash","1/31/2024","Alternative Fund Gamma Holdings I LP","Operating ","Cash","Missing Active Hedge","Expenses","-324978.26","-413824.75","-421037.74","-166842.20","-166842.20","-166842.20","-413824.75"
"N/A","Cash","1/31/2024","Alternative Fund Gamma Holdings I LP","Operating ","Cash","Missing Active Hedge","Cash","324978.25","","-421037.74","0.00","0.00","0.00","0.00"
"ECM","Financing","1/31/2024","Alternative Fund Gamma Holdings I LP","Capital Market Solutions","Financing","Missing Active Hedge","Expenses","","-1391.13","-421037.74","-1391.13","-1391.13","-1391.13","-1391.13"
"N/A","N/A","1/31/2024","Alternative Fund Gamma Holdings I LP","","","","","","","-421037.74","0.00","0.00","0.00","0.00"
"N/A","Subline","1/31/2024","Alternative Fund Gamma Holdings I LP","Operating ","Subline","Missing Active Hedge","Unfunded","","-5821.88","-421037.74","-162.12","-5103.13","-5103.13","-5821.88"
"N/A","Cash","1/31/2024","Alternative Fund Gamma Holdings I LP","Operating ","Cash","Missing Active Hedge","Financing","0.01","0.01","-421037.74","0.01","0.01","0.01","0.01"
"ECM","Block","1/31/2024","Alternative Fund Gamma Holdings II LP","Capital Market Solutions","Desk Block","Missing Active Hedge","EMN_Desk Block","243.48","243.48","34237429.12","0.00","243.48","243.48","243.48"
"ECM","Follow-On","1/31/2024","Alternative Fund Gamma Holdings II LP","Capital Market Solutions","Marketed Follow-On","Missing Active Hedge","PCG_Marketed FO_Convert","-325802.16","-9489.09","34237429.12","656.07","-9489.09","-9489.09","-9489.09"
"ECM","Follow-On","1/31/2024","Alternative Fund Gamma Holdings II LP","Capital Market Solutions","Marketed Follow-On","Missing Active Hedge","BBIO_Marketed FO","","","34237429.12","0.00","0.00","0.00","0.00"
"ECM","Follow-On","1/31/2024","Alternative Fund Gamma Holdings II LP","Capital Market Solutions","Marketed Follow-On","Missing Active Hedge","EYPT_Marketed FO","2307.48","2307.48","34237429.12","0.00","2307.48","2307.48","2307.48"
"ECM","Block","1/31/2024","Alternative Fund Gamma Holdings II LP","Capital Market Solutions","Registered Block","Missing Active Hedge","AKR_Registered Block","628.43","628.43","34237429.12","0.00","628.43","628.43","628.43"
"ECM","Block","1/31/2024","Alternative Fund Gamma Holdings II LP","Capital Market Solutions","Unregistered Blocks","Missing Active Hedge","TKO_Unregistered Block","","","34237429.12","0.00","0.00","0.00","0.00"
"ECM","Follow-On","1/31/2024","Alternative Fund Gamma Holdings II LP","Capital Market Solutions","Marketed Follow-On","Missing Active Hedge","MP_Marketed FO_Convert","","","34237429.12","0.00","0.00","0.00","0.00"
"ECM","Block","1/31/2024","Alternative Fund Gamma Holdings II LP","Capital Market Solutions","Registered Block","Missing Active Hedge","REVG_Registered Block","","","34237429.12","0.00","0.00","0.00","0.00"
"ECM","Follow-On","1/31/2024","Alternative Fund Gamma Holdings II LP","Capital Market Solutions","Overnight Follow-On","Missing Active Hedge","BUD_Overnight FO","","","34237429.12","0.00","0.00","0.00","0.00"
"ECM","Follow-On","1/31/2024","Alternative Fund Gamma Holdings II LP","Capital Market Solutions","Overnight Follow-On","Missing Active Hedge","KNTK_Overnight FO 2","","","34237429.12","0.00","0.00","0.00","0.00"
"ECM","Block","1/31/2024","Alternative Fund Gamma Holdings II LP","Capital Market Solutions","Unregistered Blocks","Missing Active Hedge","ALIT_Unregistered Block 3","2946.24","2946.24","34237429.12","0.00","2946.24","2946.24","2946.24"
"ECM","IPO","1/31/2024","Alternative Fund Gamma Holdings II LP","Capital Market Solutions","IPO","Missing Active Hedge","KYTX_IPO","","","34237429.12","0.00","0.00","0.00","0.00"
"ECM","Follow-On","1/31/2024","Alternative Fund Gamma Holdings II LP","Capital Market Solutions","Overnight Follow-On","Missing Active Hedge","SANA_Overnight FO","","","34237429.12","0.00","0.00","0.00","0.00"
"ECM","Follow-On","1/31/2024","Alternative Fund Gamma Holdings II LP","Capital Market Solutions","Marketed Follow-On","Missing Active Hedge","IRTC_Marketed FO_Convert","","","34237429.12","0.00","0.00","0.00","0.00"
"ECM","Follow-On","1/31/2024","Alternative Fund Gamma Holdings II LP","Capital Market Solutions","Marketed Follow-On","Missing Active Hedge","VKTX_Marketed FO","","","34237429.12","0.00","0.00","0.00","0.00"
"ECM","IPO","1/31/2024","Alternative Fund Gamma Holdings II LP","Capital Market Solutions","IPO","Missing Active Hedge","MNR_IPO","-118594.36","16922.39","34237429.12","530.25","16922.39","16922.39","16922.39"
"ECM","Block","1/31/2024","Alternative Fund Gamma Holdings II LP","Capital Market Solutions","Unregistered Blocks","Missing Active Hedge","VERX_Unregistered Block","","","34237429.12","0.00","0.00","0.00","0.00"
"ECM","Block","1/31/2024","Alternative Fund Gamma Holdings II LP","Capital Market Solutions","Registered Block","Missing Active Hedge","IAS_Registered Block","-37872.01","-7890.21","34237429.12","-2483.94","-7890.21","-7890.21","-7890.21"
"ECM","Follow-On","1/31/2024","Alternative Fund Gamma Holdings II LP","Capital Market Solutions","Overnight Follow-On","Missing Active Hedge","PNW_Overnight FO","","","34237429.12","0.00","0.00","0.00","0.00"
"ECM","Block","1/31/2024","Alternative Fund Gamma Holdings II LP","Capital Market Solutions","Registered Block","Missing Active Hedge","GFL_Registered Block","","","34237429.12","0.00","0.00","0.00","0.00"
"ECM","Block","1/31/2024","Alternative Fund Gamma Holdings II LP","Capital Market Solutions","Unregistered Blocks","Missing Active Hedge","NMRA_Unregistered Block","","","34237429.12","0.00","0.00","0.00","0.00"
"ECM","Block","1/31/2024","Alternative Fund Gamma Holdings II LP","Capital Market Solutions","Registered Block","Missing Active Hedge","TPG_Registered Block","","","34237429.12","0.00","0.00","0.00","0.00"
"ECM","Block","1/31/2024","Alternative Fund Gamma Holdings II LP","Capital Market Solutions","Unregistered Blocks","Missing Active Hedge","OWL_Unregistered Block","","","34237429.12","0.00","0.00","0.00","0.00"
"ECM","Follow-On","1/31/2024","Alternative Fund Gamma Holdings II LP","Capital Market Solutions","Marketed Follow-On","Missing Active Hedge","WGO_Marketed FO_Convert","-41478.49","2031.62","34237429.12","-3.28","2031.62","2031.62","2031.62"
"ECM","Block","1/31/2024","Alternative Fund Gamma Holdings II LP","Capital Market Solutions","Registered Block","Missing Active Hedge","CWAN_Registered Block 2","962.72","962.72","34237429.12","216.09","962.72","962.72","962.72"
"N/A","Cash","1/31/2024","Alternative Fund Gamma Holdings II LP","Operating ","Cash","Missing Active Hedge","Cash","-122251.07","0.00","34237429.12","0.00","0.00","0.00","0.00"
"ECM","Block","1/31/2024","Alternative Fund Gamma Holdings II LP","Capital Market Solutions","Unregistered Blocks","Missing Active Hedge","LBPH_Unregistered Block 2","-64374.64","-5391.16","34237429.12","-3816.35","-5391.16","-5391.16","-5391.16"
"ECM","IPO","1/31/2024","Alternative Fund Gamma Holdings II LP","Capital Market Solutions","IPO","Missing Active Hedge","AVBP_IPO","8742.64","8742.64","34237429.12","0.00","8742.64","8742.64","8742.64"
"ECM","IPO","1/31/2024","Alternative Fund Gamma Holdings II LP","Capital Market Solutions","IPO","Missing Active Hedge","BTSG_IPO","-119977.43","-24028.95","34237429.12","-1831.31","-24028.96","-24028.96","-24028.96"
"ECM","Follow-On","1/31/2024","Alternative Fund Gamma Holdings II LP","Capital Market Solutions","Marketed Follow-On","Missing Active Hedge","ICHR_Marketed FO","","","34237429.12","0.00","0.00","0.00","0.00"
"N/A","N/A","1/31/2024","Alternative Fund Gamma Holdings II LP","","","","","","","34237429.12","0.00","0.00","0.00","0.00"
"ECM","Block","1/31/2024","Alternative Fund Gamma Holdings II LP","Capital Market Solutions","Registered Block","Missing Active Hedge","PR_Registered Block 2","-883.58","-865.02","34237429.12","0.00","-865.02","-865.02","-865.02"
"ECM","Follow-On","1/31/2024","Alternative Fund Gamma Holdings II LP","Capital Market Solutions","Overnight Follow-On","Missing Active Hedge","GEHC_Overnight FO","","","34237429.12","0.00","0.00","0.00","0.00"
"ECM","Block","1/31/2024","Alternative Fund Gamma Holdings II LP","Capital Market Solutions","Registered Block","Missing Active Hedge","AUTO NO_Registered Block","","","34237429.12","0.00","0.00","0.00","0.00"
"ECM","Block","1/31/2024","Alternative Fund Gamma Holdings II LP","Capital Market Solutions","Registered Block","Missing Active Hedge","CCCS_Registered Block 2","","","34237429.12","0.00","0.00","0.00","0.00"
"ECM","Follow-On","1/31/2024","Alternative Fund Gamma Holdings II LP","Capital Market Solutions","Marketed Follow-On","Missing Active Hedge","FDMT_Marketed FO","","","34237429.12","0.00","0.00","0.00","0.00"
"ECM","Block","1/31/2024","Alternative Fund Gamma Holdings II LP","Capital Market Solutions","Desk Block","Missing Active Hedge","PAYX_Desk Block","-1668.41","-1668.40","34237429.12","0.00","-1668.40","-1668.40","-1668.40"
"ECM","IPO","1/31/2024","Alternative Fund Gamma Holdings II LP","Capital Market Solutions","IPO","Missing Active Hedge","AHR_IPO","","","34237429.12","0.00","0.00","0.00","0.00"
"ECM","Follow-On","1/31/2024","Alternative Fund Gamma Holdings II LP","Capital Market Solutions","Overnight Follow-On","Missing Active Hedge","MLNK_Overnight FO","","","34237429.12","0.00","0.00","0.00","0.00"
"ECM","IPO","1/31/2024","Alternative Fund Gamma Holdings II LP","Capital Market Solutions","IPO","Missing Active Hedge","R3NK GY_IPO","","","34237429.12","0.00","0.00","0.00","0.00"
"ECM","Block","1/31/2024","Alternative Fund Gamma Holdings II LP","Capital Market Solutions","Registered Block","Missing Active Hedge","PYCR_Registered Block","","","34237429.12","0.00","0.00","0.00","0.00"
"ECM","Follow-On","1/31/2024","Alternative Fund Gamma Holdings II LP","Capital Market Solutions","Overnight Follow-On","Missing Active Hedge","ADT_Overnight FO","","","34237429.12","0.00","0.00","0.00","0.00"
"ECM","Follow-On","1/31/2024","Alternative Fund Gamma Holdings II LP","Capital Market Solutions","Overnight Follow-On","Missing Active Hedge","RGNX_Overnight FO","","","34237429.12","0.00","0.00","0.00","0.00"
"ECM","Block","1/31/2024","Alternative Fund Gamma Holdings II LP","Capital Market Solutions","Unregistered Blocks","Missing Active Hedge","ALIT_Unregistered Block 2","404.92","404.92","34237429.12","0.00","404.92","404.92","404.92"
"ECM","Block","1/31/2024","Alternative Fund Gamma Holdings II LP","Capital Market Solutions","Registered Block","Missing Active Hedge","KDP_Registered Block","","","34237429.12","0.00","0.00","0.00","0.00"
"ECM","Block","1/31/2024","Alternative Fund Gamma Holdings II LP","Capital Market Solutions","Registered Block","Missing Active Hedge","CNM_Registered Block 3","1759.33","1759.33","34237429.12","0.00","1759.33","1759.33","1759.33"
"ECM","Follow-On","1/31/2024","Alternative Fund Gamma Holdings II LP","Capital Market Solutions","Marketed Follow-On","Missing Active Hedge","BLUE_Marketed FO","-289.39","-289.39","34237429.12","0.00","-289.39","-289.39","-289.39"
"ECM","Follow-On","1/31/2024","Alternative Fund Gamma Holdings II LP","Capital Market Solutions","Marketed Follow-On","Missing Active Hedge","APG_Marketed FO","","","34237429.12","0.00","0.00","0.00","0.00"
"ECM","Follow-On","1/31/2024","Alternative Fund Gamma Holdings II LP","Capital Market Solutions","Overnight Follow-On","Missing Active Hedge","TARS_Overnight FO","","","34237429.12","0.00","0.00","0.00","0.00"
"ECM","Follow-On","1/31/2024","Alternative Fund Gamma Holdings II LP","Capital Market Solutions","Marketed Follow-On","Missing Active Hedge","SPR_ Marketed FO_Convert","-140623.34","8228.06","34237429.12","2347.54","8228.06","8228.06","8228.06"
"ECM","Follow-On","1/31/2024","Alternative Fund Gamma Holdings II LP","Capital Market Solutions","Overnight Follow-On","Missing Active Hedge","CRGY_Overnight FO","","","34237429.12","0.00","0.00","0.00","0.00"
"ECM","Block","1/31/2024","Alternative Fund Gamma Holdings II LP","Capital Market Solutions","Unregistered Blocks","Missing Active Hedge","ARES_Unregistered Block","","","34237429.12","0.00","0.00","0.00","0.00"
"ECM","Block","1/31/2024","Alternative Fund Gamma Holdings II LP","Capital Market Solutions","Registered Block","Missing Active Hedge","GTES_Registered Block 2","","","34237429.12","0.00","0.00","0.00","0.00"
"ECM","Block","1/31/2024","Alternative Fund Gamma Holdings II LP","Capital Market Solutions","Registered Block","Missing Active Hedge","HESM_Registered Block","","","34237429.12","0.00","0.00","0.00","0.00"
"ECM","Block","1/31/2024","Alternative Fund Gamma Holdings II LP","Capital Market Solutions","Unregistered Blocks","Missing Active Hedge","COR_Unregistered Block","","","34237429.12","0.00","0.00","0.00","0.00"
"ECM","Follow-On","1/31/2024","Alternative Fund Gamma Holdings II LP","Capital Market Solutions","Overnight Follow-On","Missing Active Hedge","SYM_Overnight FO","","","34237429.12","0.00","0.00","0.00","0.00"
"ECM","IPO","1/31/2024","Alternative Fund Gamma Holdings II LP","Capital Market Solutions","IPO","Missing Active Hedge","GUTS_IPO","","","34237429.12","0.00","0.00","0.00","0.00"
"ECM","Follow-On","1/31/2024","Alternative Fund Gamma Holdings II LP","Capital Market Solutions","Overnight Follow-On","Missing Active Hedge","WVE_Overnight FO","-195.33","-195.33","34237429.12","0.00","-195.33","-195.33","-195.33"
"ECM","Block","1/31/2024","Alternative Fund Gamma Holdings II LP","Capital Market Solutions","Registered Block","Missing Active Hedge","FM CN_Registered Block","","","34237429.12","0.00","0.00","0.00","0.00"
"ECM","Follow-On","1/31/2024","Alternative Fund Gamma Holdings II LP","Capital Market Solutions","Overnight Follow-On","Missing Active Hedge","ABSI_Overnight FO","","","34237429.12","0.00","0.00","0.00","0.00"
"ECM","IPO","1/31/2024","Alternative Fund Gamma Holdings II LP","Capital Market Solutions","IPO","Missing Active Hedge","AS_IPO","","-3.27","34237429.12","-3.27","-3.27","-3.27","-3.27"
"ECM","Block","1/31/2024","Alternative Fund Gamma Holdings II LP","Capital Market Solutions","Unregistered Blocks","Missing Active Hedge","ALGM_Unregistered Block","","","34237429.12","0.00","0.00","0.00","0.00"
"ECM","Follow-On","1/31/2024","Alternative Fund Gamma Holdings II LP","Capital Market Solutions","Marketed Follow-On","Missing Active Hedge","REVG_Marketed FO","","","34237429.12","0.00","0.00","0.00","0.00"
"ECM","Follow-On","1/31/2024","Alternative Fund Gamma Holdings II LP","Capital Market Solutions","Marketed Follow-On","Missing Active Hedge","SPHR_Marketed FO_Convert","-146096.37","-904.95","34237429.12","1095.23","-904.95","-904.95","-904.95"
"ECM","Follow-On","1/31/2024","Alternative Fund Gamma Holdings II LP","Capital Market Solutions","Overnight Follow-On","Missing Active Hedge","PRME_Overnight FO","","","34237429.12","0.00","0.00","0.00","0.00"
"ECM","Block","1/31/2024","Alternative Fund Gamma Holdings II LP","Capital Market Solutions","Unregistered Blocks","Missing Active Hedge","UTI_Unregistered Block","","","34237429.12","0.00","0.00","0.00","0.00"
"ECM","Block","1/31/2024","Alternative Fund Gamma Holdings II LP","Capital Market Solutions","Registered Block","Missing Active Hedge","AGYS_Registered Block","","","34237429.12","0.00","0.00","0.00","0.00"
"ECM","IPO","1/31/2024","Alternative Fund Gamma Holdings II LP","Capital Market Solutions","IPO","Missing Active Hedge","KSPI_IPO","325.66","325.66","34237429.12","0.00","325.66","325.66","325.66"
"ECM","Follow-On","1/31/2024","Alternative Fund Gamma Holdings II LP","Capital Market Solutions","Marketed Follow-On","Missing Active Hedge","SEAT_Marketed FO","-114388.49","-7432.83","34237429.12","-2108.00","-7432.83","-7432.83","-7432.83"
"ECM","Follow-On","1/31/2024","Alternative Fund Gamma Holdings II LP","Capital Market Solutions","Overnight Follow-On","Missing Active Hedge","DKL_Overnight FO","","","34237429.12","0.00","0.00","0.00","0.00"
"ECM","Follow-On","1/31/2024","Alternative Fund Gamma Holdings II LP","Capital Market Solutions","Overnight Follow-On","Missing Active Hedge","CCCS_Overnight FO","2294.80","2294.80","34237429.12","0.00","2294.80","2294.80","2294.80"
"ECM","Block","1/31/2024","Alternative Fund Gamma Holdings II LP","Capital Market Solutions","Registered Block","Missing Active Hedge","BECN_Registered Block","1043.74","1043.74","34237429.12","0.00","1043.74","1043.74","1043.74"
"ECM","Block","1/31/2024","Alternative Fund Gamma Holdings II LP","Capital Market Solutions","Registered Block","Missing Active Hedge","BROS_Registered Block","","","34237429.12","0.00","0.00","0.00","0.00"
"ECM","Follow-On","1/31/2024","Alternative Fund Gamma Holdings II LP","Capital Market Solutions","Overnight Follow-On","Missing Active Hedge","ASTS_Overnight FO","2999.27","2999.27","34237429.12","0.00","2999.27","2999.27","2999.27"
"ECM","Follow-On","1/31/2024","Alternative Fund Gamma Holdings II LP","Capital Market Solutions","Overnight Follow-On","Missing Active Hedge","SGRO LN_Overnight FO","","","34237429.12","0.00","0.00","0.00","0.00"
"ECM","Follow-On","1/31/2024","Alternative Fund Gamma Holdings II LP","Capital Market Solutions","Overnight Follow-On","Missing Active Hedge","LVS_Overnight FO","-42933.39","-10820.96","34237429.12","-365.08","-10820.96","-10820.96","-10820.96"
"ECM","IPO","1/31/2024","Alternative Fund Gamma Holdings II LP","Capital Market Solutions","IPO","Missing Active Hedge","CGON_IPO","14199.14","14199.14","34237429.12","0.00","14199.14","14199.14","14199.14"
"N/A","Cash","1/31/2024","Alternative Fund Gamma Holdings II LP","Operating ","Cash","Missing Active Hedge","Capital","-8683288.42","-8389366.35","34237429.12","0.00","0.00","0.00","0.00"
"N/A","Cash","1/31/2024","Alternative Fund Gamma Holdings II LP","Operating ","Cash","Missing Active Hedge","Expenses","-302112.16","-418717.05","34237429.12","-170334.50","-171734.50","-171734.50","-418717.05"
"ECM","Follow-On","1/31/2024","Alternative Fund Gamma Holdings II LP","Capital Market Solutions","Overnight Follow-On","Missing Active Hedge","HRTG_Overnight FO","-31729.12","173.97","34237429.12","-493.72","173.97","173.97","173.97"
"ECM","Follow-On","1/31/2024","Alternative Fund Gamma Holdings II LP","Capital Market Solutions","Overnight Follow-On","Missing Active Hedge","WB_Overnight FO_ Convert","-86944.20","-9863.93","34237429.12","318.57","-9863.93","-9863.93","-9863.93"
"ECM","Block","1/31/2024","Alternative Fund Gamma Holdings II LP","Capital Market Solutions","Registered Block","Missing Active Hedge","SRGY_Registered Block","2194.48","2194.48","34237429.12","0.00","2194.48","2194.48","2194.48"
"ECM","Block","1/31/2024","Alternative Fund Gamma Holdings II LP","Capital Market Solutions","Unregistered Blocks","Missing Active Hedge","ICUI_Unregistered Block","","","34237429.12","0.00","0.00","0.00","0.00"
"ECM","IPO","1/31/2024","Alternative Fund Gamma Holdings II LP","Capital Market Solutions","IPO","Missing Active Hedge","AIA GA_IPO","","","34237429.12","0.00","0.00","0.00","0.00"
"ECM","IPO","1/31/2024","Alternative Fund Gamma Holdings II LP","Capital Market Solutions","IPO","Missing Active Hedge","SDHC_IPO","21529.64","21558.90","34237429.12","0.00","21558.90","21558.90","21558.90"
"ECM","Follow-On","1/31/2024","Alternative Fund Gamma Holdings II LP","Capital Market Solutions","Marketed Follow-On","Missing Active Hedge","LIVN_Marketed FO_Convert","","","34237429.12","0.00","0.00","0.00","0.00"
"ECM","Follow-On","1/31/2024","Alternative Fund Gamma Holdings II LP","Capital Market Solutions","Marketed Follow-On","Missing Active Hedge","TNDM_Marketed FO_Convert","","","34237429.12","0.00","0.00","0.00","0.00"
"ECM","Follow-On","1/31/2024","Alternative Fund Gamma Holdings II LP","Capital Market Solutions","Marketed Follow-On","Missing Active Hedge","SOFI_Marketed FO_Convert","","","34237429.12","0.00","0.00","0.00","0.00"
"ECM","Follow-On","1/31/2024","Alternative Fund Gamma Holdings II LP","Capital Market Solutions","Overnight Follow-On","Missing Active Hedge","CPRX_Overnight FO","1253.29","1253.29","34237429.12","0.00","1253.29","1253.29","1253.29"
"ECM","Block","1/31/2024","Alternative Fund Gamma Holdings II LP","Capital Market Solutions","Registered Block","Missing Active Hedge","FLNC_Registered Block","-30746.84","-7863.90","34237429.12","-198.83","-7863.90","-7863.90","-7863.90"
"ECM","Financing","1/31/2024","Alternative Fund Gamma Holdings II LP","Capital Market Solutions","Financing","Missing Active Hedge","Expenses","","-1833.80","34237429.12","-1833.80","-1833.80","-1833.80","-1833.80"
"ECM","Follow-On","1/31/2024","Alternative Fund Gamma Holdings II LP","Capital Market Solutions","Marketed Follow-On","Missing Active Hedge","EVRG_Marketed FO_Convert","-213761.44","-67.64","34237429.12","1560.81","-67.64","-67.64","-67.64"
"ECM","Follow-On","1/31/2024","Alternative Fund Gamma Holdings II LP","Capital Market Solutions","Overnight Follow-On","Missing Active Hedge","NAMS_Overnight FO","","","34237429.12","0.00","0.00","0.00","0.00"
"N/A","Cash","1/31/2024","Alternative Fund Gamma Holdings II LP","Capital Market Solutions","Cash","Missing Active Hedge","Cash","12145459.35","12145459.35","34237429.12","0.00","0.00","0.00","0.00"
"ECM","Follow-On","1/31/2024","Alternative Fund Gamma Holdings II LP","Capital Market Solutions","Marketed Follow-On","Missing Active Hedge","SMCI_Marketed FO_Convert","","","34237429.12","0.00","0.00","0.00","0.00"
"ECM","Block","1/31/2024","Alternative Fund Gamma Holdings II LP","Capital Market Solutions","Registered Block","Missing Active Hedge","GEHC_Registered Block","","","34237429.12","0.00","0.00","0.00","0.00"
"ECM","Follow-On","1/31/2024","Alternative Fund Gamma Holdings II LP","Capital Market Solutions","Marketed Follow-On","Missing Active Hedge","RUN_Marketed FO_Convert","","","34237429.12","0.00","0.00","0.00","0.00"
"ECM","Financing","1/31/2024","Alternative Fund Gamma Holdings II LP","Capital Market Solutions","Financing","Missing Active Hedge","Financing","-7956334.18","33427.75","34237429.12","33427.73","33427.73","33427.73","33427.75"
"ECM","Block","1/31/2024","Alternative Fund Gamma Holdings II LP","Capital Market Solutions","Unregistered Blocks","Missing Active Hedge","ALIT_Unregistered Block","492.37","492.37","34237429.12","0.00","492.37","492.37","492.37"
"ECM","Block","1/31/2024","Alternative Fund Gamma Holdings II LP","Capital Market Solutions","Registered Block","Missing Active Hedge","SNX_Registered Block","-401553.88","10598.42","34237429.12","2183.20","10598.42","10598.42","10598.42"
"ECM","IPO","1/31/2024","Alternative Fund Gamma Holdings II LP","Capital Market Solutions","IPO","Missing Active Hedge","CART_IPO","","","34237429.12","0.00","0.00","0.00","0.00"
"ECM","Block","1/31/2024","Alternative Fund Gamma Holdings II LP","Capital Market Solutions","Registered Block","Missing Active Hedge","BARC_Registered Block","-2588.19","-2512.56","34237429.12","9.64","-2512.56","-2512.56","-2512.56"
"ECM","Block","1/31/2024","Alternative Fund Gamma Holdings II LP","Capital Market Solutions","Registered Block","Missing Active Hedge","DELL_Registered Block","","","34237429.12","0.00","0.00","0.00","0.00"
"ECM","Block","1/31/2024","Alternative Fund Gamma Holdings II LP","Capital Market Solutions","Unregistered Blocks","Missing Active Hedge","CAVA_Unregistered Block 2","","","34237429.12","0.00","0.00","0.00","0.00"
"ECM","IPO","1/31/2024","Alternative Fund Gamma Holdings II LP","Capital Market Solutions","IPO","Missing Active Hedge","MGX_IPO","","","34237429.12","0.00","0.00","0.00","0.00"
"ECM","IPO","1/31/2024","Alternative Fund Gamma Holdings II LP","Capital Market Solutions","IPO","Missing Active Hedge","TBBB_IPO","","","34237429.12","0.00","0.00","0.00","0.00"
"ECM","Block","1/31/2024","Alternative Fund Gamma Holdings II LP","Capital Market Solutions","Registered Block","Missing Active Hedge","DOO_Registered Block","-92338.70","-4486.52","34237429.12","-3134.24","-4486.52","-4486.52","-4486.52"
"ECM","Block","1/31/2024","Alternative Fund Gamma Holdings II LP","Capital Market Solutions","Registered Block","Missing Active Hedge","RVNC_Registered Block","","","34237429.12","0.00","0.00","0.00","0.00"
"ECM","Block","1/31/2024","Alternative Fund Gamma Holdings II LP","Capital Market Solutions","Registered Block","Missing Active Hedge","CNM_Registered Block 4","-57085.71","252.57","34237429.12","-1276.96","252.57","252.57","252.57"
"ECM","Follow-On","1/31/2024","Alternative Fund Gamma Holdings II LP","Capital Market Solutions","Marketed Follow-On","Missing Active Hedge","UBER_Marketed FO_Convert","-152864.24","-5261.96","34237429.12","492.40","-5261.96","-5261.96","-5261.96"
"N/A","Cash","1/31/2024","Alternative Fund Gamma Holdings II LP","Operating ","Cash","Missing Active Hedge","Financing","26230.70","26280.70","34237429.12","109.84","2048.92","2048.92","26280.70"
"N/A","SRT","1/31/2024","Alternative Fund Gamma Holdings II LP","Asset-Based Capital Solutions","SRT","Active","Alpha_Active","","30903964.41","34237429.12","357347.00","357347.00","357347.00","408646.41"
"ECM","Follow-On","1/31/2024","Alternative Fund Gamma Holdings II LP","Capital Market Solutions","Marketed Follow-On","Missing Active Hedge","VERA_Marketed FO","2293.45","2293.45","34237429.12","0.00","2293.45","2293.45","2293.45"
"ECM","Block","1/31/2024","Alternative Fund Gamma Holdings II LP","Capital Market Solutions","Unregistered Blocks","Missing Active Hedge","OVV_Unregistered Block","-2103.75","-1918.98","34237429.12","3.86","-1918.98","-1918.98","-1918.98"
"ECM","Block","1/31/2024","Alternative Fund Gamma Holdings II LP","Capital Market Solutions","Registered Block","Missing Active Hedge","CCCS_Registered Block","249.72","249.72","34237429.12","0.00","249.72","249.72","249.72"
"ECM","Follow-On","1/31/2024","Alternative Fund Gamma Holdings II LP","Capital Market Solutions","Marketed Follow-On","Missing Active Hedge","LBPH_Marked FO","447.80","447.80","34237429.12","0.00","447.80","447.80","447.80"
"ECM","Follow-On","1/31/2024","Alternative Fund Gamma Holdings II LP","Capital Market Solutions","Marketed Follow-On","Missing Active Hedge","PRGS_Marketed FO_Convert","","","34237429.12","0.00","0.00","0.00","0.00"
"ECM","Follow-On","1/31/2024","Alternative Fund Gamma Holdings II LP","Capital Market Solutions","Overnight Follow-On","Missing Active Hedge","IMTX_Overnight FO","-21481.54","590.94","34237429.12","310.88","590.94","590.94","590.94"
"ECM","Follow-On","1/31/2024","Alternative Fund Gamma Holdings II LP","Capital Market Solutions","Marketed Follow-On","Missing Active Hedge","FIVN_Marketed FO_Convert","","","34237429.12","0.00","0.00","0.00","0.00"
"ECM","Follow-On","1/31/2024","Alternative Fund Gamma Holdings II LP","Capital Market Solutions","Marketed Follow-On","Missing Active Hedge","NEE_Marketed FO_Convert","","","34237429.12","0.00","0.00","0.00","0.00"
"ECM","Follow-On","1/31/2024","Alternative Fund Gamma Holdings II LP","Capital Market Solutions","Overnight Follow-On","Missing Active Hedge","NTST_Overnight FO","440.36","440.36","34237429.12","0.00","440.36","440.36","440.36"
"N/A","Subline","1/31/2024","Alternative Fund Gamma Holdings II LP","Operating ","Subline","Missing Active Hedge","Funded","9700000.00","-64506.30","34237429.12","-4629.04","-64506.30","-64506.30","-64506.30"
"N/A","Subline","1/31/2024","Alternative Fund Gamma Holdings II LP","Operating ","Subline","Missing Active Hedge","Unfunded","","-5821.88","34237429.12","-162.12","-5103.13","-5103.13","-5821.88"
"ECM","Follow-On","1/31/2024","Alternative Fund Gamma Holdings II LP","Capital Market Solutions","Marketed Follow-On","Missing Active Hedge","GPN_Marketed FO_Convert","","","34237429.12","0.00","0.00","0.00","0.00"
"ECM","Follow-On","1/31/2024","Alternative Fund Gamma Holdings II LP","Capital Market Solutions","Overnight Follow-On","Missing Active Hedge","VRDN_Overnight FO","-665.37","-665.37","34237429.12","0.00","-665.37","-665.37","-665.37"
"ECM","Block","1/31/2024","Alternative Fund Gamma Holdings II LP","Capital Market Solutions","Registered Block","Missing Active Hedge","LTMC IM_Registered Block","-28552.63","3668.01","34237429.12","-96.12","3668.01","3668.01","3668.01"
"ECM","Follow-On","1/31/2024","Alternative Fund Gamma Holdings II LP","Capital Market Solutions","Marketed Follow-On","Missing Active Hedge","INTR_Marketed FO","377.46","377.46","34237429.12","0.00","377.46","377.46","377.46"
"ECM","Follow-On","1/31/2024","Alternative Fund Gamma Holdings II LP","Capital Market Solutions","Overnight Follow-On","Missing Active Hedge","TALO_Overnight FO","2145.82","2145.82","34237429.12","0.00","2145.82","2145.82","2145.82"
"ECM","Tactical Trades","1/31/2024","Alternative Fund Gamma Holdings II LP","Capital Market Solutions","Tactical Trades","Missing Active Hedge","Portfolio Hedge_Tactical","-1118661.19","-2614.76","34237429.12","18679.61","-2614.76","-2614.76","-2614.76"
"ECM","Follow-On","1/31/2024","Alternative Fund Gamma Holdings II LP","Capital Market Solutions","Marketed Follow-On","Missing Active Hedge","RKLB_Marketed FO_Convert","","","34237429.12","0.00","0.00","0.00","0.00"
